{"stats":{"minecraft:broken":{"minecraft:stone_pickaxe":1,"minecraft:wooden_pickaxe":1},"minecraft:used":{"minecraft:stone_pickaxe":142,"minecraft:wooden_pickaxe":59,"minecraft:stone_axe":17,"minecraft:torch":1,"minecraft:crafting_table":4,"minecraft:furnace":2,"minecraft:granite":1},"minecraft:picked_up":{"minecraft:birch_log":14,"minecraft:stick":2,"minecraft:crafting_table":4,"minecraft:oak_log":4,"minecraft:dirt":8,"minecraft:granite":1,"minecraft:iron_ore":23,"minecraft:mutton":2,"minecraft:birch_sapling":1,"minecraft:coal":26,"minecraft:white_wool":1,"minecraft:cobblestone":150,"minecraft:furnace":1},"minecraft:crafted":{"minecraft:oak_planks":16,"minecraft:iron_axe":1,"minecraft:stick":12,"minecraft:iron_pickaxe":1,"minecraft:iron_ingot":15,"minecraft:wooden_pickaxe":1,"minecraft:stone_pickaxe":2,"minecraft:stone_sword":1,"minecraft:furnace":1,"minecraft:bucket":1,"minecraft:torch":4,"minecraft:birch_planks":56,"minecraft:stone_axe":1,"minecraft:air":0},"minecraft:killed":{"minecraft:sheep":1},"minecraft:dropped":{"minecraft:birch_sapling":1},"minecraft:mined":{"minecraft:furnace":1,"minecraft:iron_ore":15,"minecraft:birch_log":14,"minecraft:crafting_table":4,"minecraft:granite":1,"minecraft:grass":1,"minecraft:grass_block":2,"minecraft:coal_ore":26,"minecraft:oak_log":4,"minecraft:dirt":6,"minecraft:stone":151},"minecraft:custom":{"minecraft:time_since_rest":30954,"minecraft:interact_with_furnace":3,"minecraft:sprint_one_cm":13097,"minecraft:walk_one_cm":13114,"minecraft:mob_kills":1,"minecraft:drop":1,"minecraft:damage_dealt":80,"minecraft:interact_with_crafting_table":6,"minecraft:fly_one_cm":8928,"minecraft:play_one_minute":30954,"minecraft:crouch_one_cm":141,"minecraft:sneak_time":79,"minecraft:jump":84,"minecraft:leave_game":2,"minecraft:time_since_death":30954,"minecraft:fall_one_cm":1314}},"DataVersion":2586}