{"stats":{"minecraft:killed":{"minecraft:rabbit":2,"minecraft:sheep":9,"minecraft:chicken":3},"minecraft:used":{"minecraft:cooked_mutton":5,"minecraft:diorite":1,"minecraft:stone_pickaxe":81,"minecraft:wooden_pickaxe":60,"minecraft:cooked_chicken":2,"minecraft:torch":2,"minecraft:dirt":22,"minecraft:crafting_table":4,"minecraft:white_bed":1,"minecraft:wooden_axe":1,"minecraft:iron_pickaxe":36,"travelersbackpack:white_sleeping_bag":1,"minecraft:wooden_sword":28,"minecraft:cobblestone":4,"minecraft:furnace":3,"minecraft:andesite":5,"tombstone:gift":2},"minecraft:broken":{"minecraft:wooden_pickaxe":1},"minecraft:crafted":{"minecraft:wooden_sword":1,"minecraft:oak_planks":68,"minecraft:wooden_shovel":1,"minecraft:crafting_table":1,"minecraft:wooden_pickaxe":1,"minecraft:cooked_chicken":3,"minecraft:furnace":1,"minecraft:cooked_mutton":11,"travelersbackpack:white_sleeping_bag":1,"minecraft:stick":28,"minecraft:iron_ingot":6,"minecraft:iron_pickaxe":2,"minecraft:stone_pickaxe":2,"minecraft:wooden_axe":1,"minecraft:white_bed":1,"minecraft:torch":32,"minecraft:cooked_rabbit":1},"minecraft:picked_up":{"minecraft:crafting_table":3,"minecraft:feather":8,"minecraft:chicken":3,"minecraft:andesite":5,"tconstruct:materials_and_you":1,"minecraft:oak_log":17,"minecraft:dirt":22,"minecraft:rabbit_hide":1,"minecraft:iron_ore":6,"minecraft:rabbit":1,"minecraft:furnace":2,"minecraft:stick":1,"minecraft:torch":1,"minecraft:diorite":1,"minecraft:white_bed":1,"minecraft:redstone":44,"minecraft:granite":4,"treasure2:sapphire":2,"minecraft:oak_sapling":1,"minecraft:black_wool":1,"minecraft:mutton":11,"minecraft:coal":30,"minecraft:white_wool":8,"minecraft:cobblestone":89},"minecraft:mined":{"minecraft:white_bed":1,"minecraft:crafting_table":3,"minecraft:torch":1,"minecraft:granite":4,"minecraft:grass_block":5,"minecraft:diorite":1,"minecraft:redstone_ore":10,"minecraft:furnace":2,"minecraft:iron_ore":6,"minecraft:andesite":6,"minecraft:grass":18,"minecraft:oak_log":17,"treasure2:sapphire_ore":2,"minecraft:coal_ore":30,"minecraft:dirt":18,"minecraft:stone":99,"minecraft:oak_leaves":17},"minecraft:custom":{"minecraft:interact_with_furnace":14,"minecraft:mob_kills":14,"minecraft:interact_with_crafting_table":11,"minecraft:play_one_minute":62111,"minecraft:leave_game":1,"minecraft:time_since_death":26398,"minecraft:sleep_in_bed":2,"minecraft:time_since_rest":15009,"minecraft:sprint_one_cm":60266,"minecraft:damage_taken":650,"minecraft:walk_one_cm":88968,"minecraft:drop":3,"minecraft:damage_dealt":1050,"minecraft:swim_one_cm":10543,"minecraft:fly_one_cm":81488,"minecraft:crouch_one_cm":110,"minecraft:deaths":1,"minecraft:sneak_time":48,"minecraft:walk_under_water_one_cm":1578,"minecraft:jump":522,"minecraft:walk_on_water_one_cm":14175,"minecraft:fall_one_cm":12929},"minecraft:dropped":{"minecraft:feather":4,"tconstruct:materials_and_you":1,"minecraft:oak_sapling":1}},"DataVersion":2586}