{"stats":{"minecraft:dropped":{"tconstruct:materials_and_you":1},"minecraft:crafted":{"minecraft:furnace":1,"minecraft:oak_planks":48,"minecraft:crafting_table":1,"minecraft:stick":16,"minecraft:stone_pickaxe":2,"minecraft:cooked_chicken":2,"minecraft:wooden_pickaxe":1},"minecraft:killed":{"minecraft:chicken":2},"minecraft:picked_up":{"minecraft:crafting_table":1,"minecraft:stick":1,"minecraft:feather":4,"minecraft:chicken":2,"tconstruct:materials_and_you":1,"minecraft:oak_log":12,"minecraft:diorite":1,"minecraft:oak_sapling":1,"minecraft:dirt":14,"minecraft:cobblestone":14,"minecraft:furnace":1},"minecraft:mined":{"minecraft:grass":17,"minecraft:grass_block":2,"minecraft:oak_log":12,"minecraft:furnace":1,"minecraft:dirt":12,"minecraft:stone":14,"minecraft:crafting_table":1,"minecraft:diorite":1,"minecraft:oak_leaves":16},"minecraft:used":{"minecraft:cooked_chicken":1,"minecraft:dirt":13,"minecraft:crafting_table":1,"minecraft:furnace":1,"minecraft:wooden_pickaxe":32},"minecraft:custom":{"minecraft:time_since_rest":10720,"minecraft:interact_with_furnace":2,"minecraft:play_one_minute":10720,"minecraft:sprint_one_cm":4191,"minecraft:damage_taken":165,"minecraft:walk_one_cm":28428,"minecraft:mob_kills":2,"minecraft:drop":1,"minecraft:jump":89,"minecraft:damage_dealt":250,"minecraft:time_since_death":10720,"minecraft:interact_with_crafting_table":5,"minecraft:fall_one_cm":2125,"minecraft:fly_one_cm":3175}},"DataVersion":2586}