{"stats":{"minecraft:dropped":{"tconstruct:materials_and_you":1,"minecraft:oak_sapling":1,"minecraft:feather":4},"minecraft:crafted":{"minecraft:wooden_sword":1,"minecraft:oak_planks":68,"minecraft:wooden_shovel":1,"minecraft:crafting_table":1,"minecraft:stick":28,"minecraft:wooden_pickaxe":1,"minecraft:cooked_chicken":3,"minecraft:stone_pickaxe":2,"minecraft:wooden_axe":1,"minecraft:furnace":1,"minecraft:white_bed":1,"minecraft:torch":32,"minecraft:cooked_rabbit":1,"minecraft:cooked_mutton":11},"minecraft:killed":{"minecraft:sheep":9,"minecraft:chicken":3,"minecraft:rabbit":2},"minecraft:picked_up":{"minecraft:stick":1,"minecraft:crafting_table":3,"minecraft:feather":8,"minecraft:chicken":3,"minecraft:andesite":4,"tconstruct:materials_and_you":1,"minecraft:oak_log":17,"minecraft:diorite":1,"minecraft:white_bed":1,"minecraft:dirt":21,"minecraft:rabbit_hide":1,"minecraft:iron_ore":6,"minecraft:rabbit":1,"minecraft:oak_sapling":1,"minecraft:black_wool":1,"minecraft:mutton":11,"minecraft:coal":16,"minecraft:white_wool":8,"minecraft:cobblestone":37,"minecraft:furnace":2},"minecraft:mined":{"minecraft:white_bed":1,"minecraft:furnace":2,"minecraft:iron_ore":6,"minecraft:andesite":4,"minecraft:crafting_table":3,"minecraft:grass":18,"minecraft:grass_block":5,"minecraft:coal_ore":17,"minecraft:oak_log":17,"minecraft:dirt":16,"minecraft:stone":34,"minecraft:diorite":1,"minecraft:oak_leaves":17},"minecraft:used":{"minecraft:cooked_mutton":5,"minecraft:wooden_axe":1,"minecraft:diorite":1,"minecraft:stone_pickaxe":25,"minecraft:wooden_pickaxe":55,"minecraft:cooked_chicken":2,"minecraft:wooden_sword":28,"minecraft:dirt":15,"minecraft:crafting_table":4,"minecraft:furnace":3,"tombstone:gift":2,"minecraft:white_bed":1},"minecraft:custom":{"minecraft:time_since_rest":9113,"minecraft:interact_with_furnace":11,"minecraft:sprint_one_cm":51386,"minecraft:damage_taken":450,"minecraft:walk_one_cm":70923,"minecraft:mob_kills":14,"minecraft:drop":3,"minecraft:damage_dealt":1050,"minecraft:swim_one_cm":10543,"minecraft:interact_with_crafting_table":9,"minecraft:fly_one_cm":53887,"minecraft:crouch_one_cm":15,"minecraft:play_one_minute":34720,"minecraft:sneak_time":32,"minecraft:walk_under_water_one_cm":831,"minecraft:jump":403,"minecraft:walk_on_water_one_cm":8750,"minecraft:time_since_death":34720,"minecraft:sleep_in_bed":1,"minecraft:fall_one_cm":12660}},"DataVersion":2586}