{"stats":{"minecraft:dropped":{"tconstruct:materials_and_you":1},"minecraft:crafted":{"minecraft:wooden_sword":1,"minecraft:oak_planks":48,"minecraft:wooden_shovel":1,"minecraft:crafting_table":1,"minecraft:stick":16,"minecraft:wooden_pickaxe":1,"minecraft:cooked_chicken":2,"minecraft:stone_pickaxe":2,"minecraft:wooden_axe":1,"minecraft:furnace":1,"minecraft:cooked_mutton":5},"minecraft:killed":{"minecraft:sheep":4,"minecraft:chicken":3,"minecraft:rabbit":1},"minecraft:picked_up":{"minecraft:stick":1,"minecraft:crafting_table":2,"minecraft:feather":4,"minecraft:chicken":3,"tconstruct:materials_and_you":1,"minecraft:oak_log":17,"minecraft:diorite":1,"minecraft:dirt":18,"minecraft:rabbit_hide":1,"minecraft:rabbit":1,"minecraft:oak_sapling":1,"minecraft:black_wool":1,"minecraft:mutton":5,"minecraft:white_wool":3,"minecraft:cobblestone":14,"minecraft:furnace":1},"minecraft:mined":{"minecraft:furnace":1,"minecraft:crafting_table":2,"minecraft:grass":17,"minecraft:grass_block":5,"minecraft:oak_log":17,"minecraft:dirt":13,"minecraft:stone":14,"minecraft:diorite":1,"minecraft:oak_leaves":17},"minecraft:used":{"minecraft:wooden_axe":1,"minecraft:diorite":1,"minecraft:wooden_pickaxe":32,"minecraft:cooked_chicken":2,"minecraft:wooden_sword":12,"minecraft:dirt":15,"minecraft:crafting_table":2,"minecraft:furnace":2,"tombstone:gift":2},"minecraft:custom":{"minecraft:time_since_rest":22720,"minecraft:interact_with_furnace":4,"minecraft:sprint_one_cm":30068,"minecraft:damage_taken":285,"minecraft:walk_one_cm":53351,"minecraft:mob_kills":8,"minecraft:drop":1,"minecraft:damage_dealt":620,"minecraft:swim_one_cm":8715,"minecraft:interact_with_crafting_table":6,"minecraft:fly_one_cm":30147,"minecraft:play_one_minute":22720,"minecraft:walk_under_water_one_cm":325,"minecraft:jump":300,"minecraft:walk_on_water_one_cm":1547,"minecraft:time_since_death":22720,"minecraft:fall_one_cm":8365}},"DataVersion":2586}