{"stats":{"minecraft:killed":{"minecraft:rabbit":2,"minecraft:sheep":9,"minecraft:chicken":3},"minecraft:used":{"minecraft:cooked_mutton":5,"minecraft:diorite":1,"minecraft:stone_pickaxe":106,"minecraft:wooden_pickaxe":60,"minecraft:cooked_chicken":2,"minecraft:torch":6,"minecraft:dirt":22,"minecraft:crafting_table":4,"minecraft:white_bed":1,"minecraft:granite":4,"minecraft:wooden_axe":1,"minecraft:iron_pickaxe":218,"travelersbackpack:white_sleeping_bag":1,"minecraft:wooden_sword":28,"minecraft:cobblestone":50,"minecraft:furnace":3,"minecraft:andesite":5,"tombstone:gift":2},"minecraft:broken":{"minecraft:wooden_pickaxe":1},"minecraft:crafted":{"minecraft:wooden_sword":1,"minecraft:oak_planks":68,"minecraft:wooden_shovel":1,"minecraft:crafting_table":1,"minecraft:wooden_pickaxe":1,"minecraft:cooked_chicken":3,"minecraft:furnace":1,"minecraft:cooked_mutton":11,"travelersbackpack:white_sleeping_bag":1,"thermal:lead_ingot":5,"minecraft:stick":28,"minecraft:iron_ingot":6,"minecraft:iron_pickaxe":2,"minecraft:stone_pickaxe":2,"minecraft:wooden_axe":1,"minecraft:white_bed":1,"minecraft:torch":32,"minecraft:cooked_rabbit":1},"minecraft:picked_up":{"thermal:lead_ore":10,"minecraft:crafting_table":3,"minecraft:feather":8,"minecraft:chicken":3,"minecraft:andesite":5,"tconstruct:materials_and_you":1,"minecraft:oak_log":17,"minecraft:dirt":27,"minecraft:rabbit_hide":1,"minecraft:iron_ore":14,"minecraft:rabbit":1,"minecraft:furnace":2,"minecraft:stick":1,"minecraft:torch":2,"minecraft:diorite":1,"minecraft:white_bed":1,"minecraft:redstone":64,"minecraft:diamond":5,"minecraft:granite":13,"treasure2:sapphire":2,"minecraft:oak_sapling":1,"minecraft:black_wool":1,"minecraft:mutton":11,"minecraft:coal":38,"minecraft:white_wool":8,"minecraft:cobblestone":231},"minecraft:custom":{"minecraft:interact_with_furnace":23,"minecraft:mob_kills":14,"minecraft:interact_with_crafting_table":21,"minecraft:play_one_minute":77386,"minecraft:leave_game":2,"minecraft:time_since_death":41673,"minecraft:sleep_in_bed":3,"minecraft:time_since_rest":12265,"minecraft:sprint_one_cm":60408,"minecraft:damage_taken":660,"minecraft:walk_one_cm":109324,"minecraft:drop":3,"minecraft:damage_dealt":1050,"minecraft:swim_one_cm":10543,"minecraft:fly_one_cm":81488,"minecraft:crouch_one_cm":110,"minecraft:deaths":1,"minecraft:sneak_time":48,"minecraft:walk_under_water_one_cm":1578,"minecraft:jump":580,"minecraft:walk_on_water_one_cm":14175,"minecraft:fall_one_cm":13264},"minecraft:mined":{"minecraft:diamond_ore":5,"minecraft:white_bed":1,"thermal:lead_ore":5,"minecraft:crafting_table":3,"minecraft:torch":1,"minecraft:granite":14,"minecraft:grass_block":5,"minecraft:cobblestone":9,"minecraft:diorite":1,"minecraft:redstone_ore":14,"minecraft:furnace":2,"minecraft:iron_ore":14,"minecraft:andesite":7,"minecraft:grass":18,"minecraft:oak_log":17,"treasure2:sapphire_ore":2,"minecraft:coal_ore":39,"minecraft:dirt":23,"minecraft:stone":250,"minecraft:oak_leaves":17},"minecraft:dropped":{"minecraft:feather":4,"tconstruct:materials_and_you":1,"minecraft:oak_sapling":1}},"DataVersion":2586}