{"stats":{"minecraft:dropped":{"minecraft:polished_diorite":3,"minecraft:porkchop":1,"minecraft:birch_planks":2,"minecraft:wheat_seeds":105,"minecraft:oak_log":8,"minecraft:wheat":2,"minecraft:cobblestone":2,"minecraft:rotten_flesh":1,"minecraft:book":1,"minecraft:oak_planks":3,"minecraft:lantern":4,"minecraft:smoker":1,"minecraft:granite":1,"minecraft:blast_furnace":1,"minecraft:dirt":3,"tconstruct:materials_and_you":1,"minecraft:cornflower":4,"minecraft:charcoal":2,"minecraft:andesite":5,"minecraft:oak_sapling":1,"minecraft:spider_eye":1,"minecraft:stone_bricks":15,"minecraft:sand":9,"minecraft:iron_bars":1,"minecraft:wooden_pickaxe":1,"minecraft:stone_pickaxe":1},"minecraft:crafted":{"minecraft:oak_planks":28,"minecraft:crafting_table":7,"minecraft:spruce_planks":12,"minecraft:wooden_pickaxe":1,"minecraft:bucket":1,"minecraft:birch_planks":96,"tconstruct:sky_congealed_slime":32,"minecraft:bread":8,"minecraft:iron_axe":1,"minecraft:stick":8,"minecraft:iron_ingot":36,"minecraft:iron_pickaxe":1,"minecraft:stone_pickaxe":1,"minecraft:white_bed":1,"tconstruct:earth_congealed_slime":32},"minecraft:killed":{"minecraft:zombie_villager":1,"minecraft:spider":2,"tconstruct:sky_slime":1,"minecraft:creeper":2,"minecraft:sheep":15,"minecraft:horse":2,"minecraft:zombie":2,"minecraft:cow":21},"minecraft:picked_up":{"minecraft:birch_log":24,"minecraft:charcoal":2,"minecraft:crafting_table":4,"minecraft:wheat":26,"minecraft:andesite":5,"minecraft:leather":24,"minecraft:smoker":1,"minecraft:birch_planks":2,"minecraft:gold_block":1,"minecraft:oak_log":15,"minecraft:gunpowder":3,"minecraft:cornflower":4,"minecraft:dirt":3,"minecraft:string":18,"minecraft:lantern":10,"minecraft:item_frame":3,"minecraft:experience_bottle":1,"minecraft:stone_bricks":22,"minecraft:wheat_seeds":106,"minecraft:iron_ingot":1,"minecraft:beef":40,"minecraft:iron_ore":22,"minecraft:coal_block":97,"minecraft:iron_sword":1,"minecraft:oak_planks":3,"minecraft:furnace":19,"minecraft:book":180,"minecraft:porkchop":1,"minecraft:sand":9,"minecraft:spruce_sapling":17,"minecraft:blast_furnace":1,"minecraft:white_bed":4,"minecraft:spruce_log":56,"treasure2:wood_chest":1,"minecraft:spider_eye":1,"minecraft:stone_pressure_plate":14,"tconstruct:sky_slime_ball":166,"minecraft:slime_ball":148,"minecraft:rotten_flesh":1,"minecraft:polished_diorite":3,"waystones:waystone":1,"minecraft:chainmail_leggings":1,"minecraft:hay_block":54,"treasure2:cardboard_box":1,"minecraft:iron_block":4,"minecraft:granite":3,"immersive_armors:divine_helmet":1,"tombstone:magic_scroll":1,"minecraft:oak_sapling":2,"minecraft:mutton":25,"minecraft:iron_bars":1,"minecraft:coal":84,"minecraft:white_wool":14,"minecraft:cobblestone":15},"minecraft:mined":{"minecraft:white_bed":4,"tconstruct:sky_slime_vine":1,"minecraft:smoker":1,"minecraft:stone_brick_slab":1,"treasure2:wood_chest":1,"minecraft:cornflower":4,"minecraft:crafting_table":4,"minecraft:granite":4,"minecraft:blast_furnace":1,"minecraft:grass_block":4,"minecraft:campfire":1,"minecraft:coal_block":97,"minecraft:spruce_leaves":9,"minecraft:polished_diorite":1,"minecraft:oak_planks":1,"treasure2:cardboard_box":1,"minecraft:hay_block":54,"minecraft:furnace":19,"minecraft:birch_log":26,"minecraft:iron_ore":22,"minecraft:wheat":26,"minecraft:spruce_log":56,"minecraft:andesite":3,"minecraft:gold_block":1,"minecraft:grass":3,"minecraft:bookshelf":57,"minecraft:oak_log":9,"minecraft:iron_bars":1,"minecraft:sand":2,"minecraft:dirt":2,"minecraft:cobweb":14,"tconstruct:earth_congealed_slime":37,"minecraft:stone":18,"minecraft:stone_bricks":19,"minecraft:iron_block":4,"minecraft:netherrack":7,"tconstruct:sky_congealed_slime":42,"minecraft:oak_leaves":7},"minecraft:used":{"minecraft:wheat_seeds":1,"minecraft:water_bucket":27,"minecraft:birch_planks":73,"minecraft:stone_pickaxe":55,"minecraft:oak_planks":13,"minecraft:spruce_planks":12,"minecraft:wooden_pickaxe":6,"minecraft:iron_sword":99,"minecraft:crafting_table":5,"minecraft:white_bed":4,"minecraft:granite":2,"minecraft:bread":16,"minecraft:iron_pickaxe":139,"minecraft:lantern":6,"minecraft:iron_axe":123,"minecraft:stone_bricks":7,"minecraft:item_frame":3,"tconstruct:sky_slime_bucket":1,"minecraft:cobblestone":10,"minecraft:oak_sapling":1,"minecraft:bucket":29,"minecraft:stone_pressure_plate":14,"minecraft:experience_bottle":1},"minecraft:custom":{"minecraft:interact_with_furnace":3,"lootr:looted_stat":6,"minecraft:mob_kills":46,"minecraft:interact_with_crafting_table":9,"minecraft:play_one_minute":71102,"minecraft:eat_cake_slice":3,"minecraft:leave_game":1,"minecraft:time_since_death":71102,"minecraft:sleep_in_bed":3,"minecraft:climb_one_cm":3869,"minecraft:time_since_rest":9113,"minecraft:sprint_one_cm":138681,"minecraft:damage_taken":539,"minecraft:walk_one_cm":149291,"minecraft:drop":46,"minecraft:damage_dealt":5157,"minecraft:swim_one_cm":308,"minecraft:fly_one_cm":152822,"minecraft:talked_to_villager":1,"minecraft:crouch_one_cm":53033,"tombstone:undead_killed":3,"minecraft:sneak_time":15675,"minecraft:walk_under_water_one_cm":11401,"minecraft:jump":1264,"minecraft:walk_on_water_one_cm":11331,"minecraft:fall_one_cm":31288}},"DataVersion":2586}