{"stats":{"minecraft:custom":{"minecraft:interact_with_furnace":3,"lootr:looted_stat":6,"minecraft:mob_kills":40,"minecraft:interact_with_crafting_table":8,"minecraft:play_one_minute":43150,"minecraft:eat_cake_slice":3,"minecraft:leave_game":1,"minecraft:time_since_death":43150,"minecraft:sleep_in_bed":2,"minecraft:climb_one_cm":3869,"minecraft:time_since_rest":1700,"minecraft:sprint_one_cm":107130,"minecraft:damage_taken":449,"minecraft:walk_one_cm":104961,"minecraft:drop":37,"minecraft:damage_dealt":4647,"minecraft:swim_one_cm":308,"minecraft:fly_one_cm":104544,"minecraft:talked_to_villager":1,"minecraft:crouch_one_cm":35714,"tombstone:undead_killed":3,"minecraft:sneak_time":10888,"minecraft:walk_under_water_one_cm":1593,"minecraft:jump":737,"minecraft:walk_on_water_one_cm":6553,"minecraft:fall_one_cm":16853},"minecraft:dropped":{"minecraft:polished_diorite":3,"minecraft:porkchop":1,"minecraft:birch_planks":2,"minecraft:wheat_seeds":105,"minecraft:oak_log":7,"minecraft:wheat":2,"minecraft:rotten_flesh":1,"minecraft:book":1,"minecraft:oak_planks":2,"minecraft:lantern":4,"minecraft:granite":1,"minecraft:dirt":2,"tconstruct:materials_and_you":1,"minecraft:charcoal":2,"minecraft:andesite":3,"minecraft:oak_sapling":1,"minecraft:stone_bricks":15,"minecraft:sand":9,"minecraft:iron_bars":1,"minecraft:wooden_pickaxe":1,"minecraft:stone_pickaxe":1},"minecraft:mined":{"minecraft:white_bed":2,"minecraft:smoker":1,"treasure2:wood_chest":1,"minecraft:cornflower":4,"minecraft:crafting_table":3,"minecraft:granite":4,"minecraft:blast_furnace":1,"minecraft:grass_block":1,"minecraft:campfire":1,"minecraft:coal_block":97,"minecraft:polished_diorite":1,"minecraft:oak_planks":1,"minecraft:hay_block":54,"minecraft:furnace":19,"minecraft:birch_log":6,"minecraft:iron_ore":22,"minecraft:wheat":26,"minecraft:andesite":1,"minecraft:grass":3,"minecraft:bookshelf":57,"minecraft:oak_log":8,"minecraft:iron_bars":1,"minecraft:sand":2,"minecraft:dirt":1,"minecraft:cobweb":14,"minecraft:stone":14,"minecraft:stone_bricks":19,"minecraft:iron_block":4,"minecraft:oak_leaves":7},"minecraft:picked_up":{"minecraft:birch_log":6,"minecraft:charcoal":2,"minecraft:crafting_table":3,"minecraft:wheat":26,"minecraft:andesite":3,"minecraft:leather":16,"minecraft:smoker":1,"minecraft:birch_planks":2,"minecraft:oak_log":14,"minecraft:gunpowder":3,"minecraft:cornflower":4,"minecraft:dirt":2,"minecraft:string":18,"minecraft:lantern":10,"minecraft:item_frame":3,"minecraft:experience_bottle":1,"minecraft:stone_bricks":22,"minecraft:wheat_seeds":106,"minecraft:iron_ingot":1,"minecraft:beef":31,"minecraft:iron_ore":22,"minecraft:coal_block":97,"minecraft:iron_sword":1,"minecraft:oak_planks":3,"minecraft:furnace":19,"minecraft:book":180,"minecraft:porkchop":1,"minecraft:sand":9,"minecraft:blast_furnace":1,"minecraft:white_bed":2,"treasure2:wood_chest":1,"minecraft:spider_eye":1,"minecraft:stone_pressure_plate":14,"minecraft:rotten_flesh":1,"minecraft:polished_diorite":3,"waystones:waystone":1,"minecraft:chainmail_leggings":1,"minecraft:hay_block":54,"minecraft:iron_block":4,"minecraft:granite":3,"immersive_armors:divine_helmet":1,"tombstone:magic_scroll":1,"minecraft:oak_sapling":2,"minecraft:mutton":25,"minecraft:iron_bars":1,"minecraft:coal":84,"minecraft:white_wool":14,"minecraft:cobblestone":13},"minecraft:used":{"minecraft:wheat_seeds":1,"minecraft:birch_planks":1,"minecraft:stone_pickaxe":55,"minecraft:oak_planks":8,"minecraft:wooden_pickaxe":6,"minecraft:iron_sword":99,"minecraft:crafting_table":4,"minecraft:white_bed":2,"minecraft:granite":2,"minecraft:bread":11,"minecraft:iron_pickaxe":124,"minecraft:lantern":6,"minecraft:iron_axe":29,"minecraft:stone_bricks":7,"minecraft:item_frame":3,"minecraft:oak_sapling":1,"minecraft:stone_pressure_plate":14,"minecraft:experience_bottle":1},"minecraft:killed":{"minecraft:zombie_villager":1,"minecraft:spider":2,"minecraft:creeper":2,"minecraft:sheep":15,"minecraft:horse":2,"minecraft:zombie":2,"minecraft:cow":16},"minecraft:crafted":{"minecraft:oak_planks":28,"minecraft:crafting_table":4,"minecraft:wooden_pickaxe":1,"minecraft:birch_planks":24,"minecraft:bread":8,"minecraft:iron_axe":1,"minecraft:stick":8,"minecraft:iron_ingot":9,"minecraft:iron_pickaxe":1,"minecraft:stone_pickaxe":1,"minecraft:white_bed":1}},"DataVersion":2586}