{"stats":{"minecraft:killed":{"minecraft:spider":3,"tconstruct:sky_slime":1,"minecraft:horse":2,"minecraft:skeleton":2,"minecraft:piglin_brute":2,"minecraft:piglin":4,"minecraft:zombie_villager":1,"minecraft:creeper":3,"minecraft:sheep":19,"minecraft:zombie":7,"minecraft:cow":38},"minecraft:used":{"minecraft:chest":1,"minecraft:spruce_planks":12,"minecraft:shield":11,"minecraft:iron_sword":99,"minecraft:granite":2,"minecraft:spruce_fence":19,"minecraft:lantern":6,"minecraft:iron_axe":216,"minecraft:green_wool":4,"minecraft:stone_bricks":7,"minecraft:item_frame":3,"minecraft:oak_sapling":1,"minecraft:furnace":1,"tconstruct:sky_slime_bucket":1,"tombstone:gift":2,"minecraft:egg":2,"minecraft:stone_pressure_plate":14,"minecraft:wheat_seeds":1,"minecraft:water_bucket":41,"minecraft:birch_planks":73,"minecraft:stone_pickaxe":55,"minecraft:baked_potato":9,"minecraft:oak_planks":72,"minecraft:wooden_pickaxe":6,"minecraft:green_bed":2,"minecraft:diamond_axe":46,"minecraft:crafting_table":8,"minecraft:white_bed":8,"minecraft:oak_log":3,"waystones:waystone":1,"minecraft:diamond_pickaxe":3,"minecraft:iron_pickaxe":150,"minecraft:bread":28,"minecraft:diamond_sword":32,"minecraft:cobblestone":10,"minecraft:smithing_table":1,"minecraft:bucket":43,"minecraft:experience_bottle":1},"minecraft:killed_by":{"minecraft:zombie":1},"minecraft:broken":{"minecraft:iron_axe":1},"minecraft:crafted":{"minecraft:oak_planks":128,"minecraft:spruce_fence":9,"minecraft:bookshelf":31,"minecraft:glass":18,"travelersbackpack:white_sleeping_bag":1,"minecraft:iron_axe":1,"minecraft:stone_pickaxe":1,"minecraft:chest":2,"tconstruct:earth_congealed_slime":37,"minecraft:honeycomb_block":22,"minecraft:diamond_axe":1,"minecraft:crafting_table":7,"minecraft:enchanting_table":1,"minecraft:spruce_planks":224,"travelersbackpack:backpack_tank":2,"travelersbackpack:standard":1,"minecraft:wooden_pickaxe":1,"minecraft:smithing_table":1,"minecraft:bucket":1,"minecraft:birch_planks":96,"tconstruct:sky_congealed_slime":42,"minecraft:bread":8,"minecraft:air":0,"minecraft:white_wool":4,"minecraft:diamond_pickaxe":1,"minecraft:shield":1,"minecraft:stick":20,"minecraft:iron_ingot":36,"minecraft:iron_pickaxe":1,"minecraft:gold_ingot":9,"minecraft:white_bed":1},"minecraft:picked_up":{"minecraft:charcoal":2,"minecraft:crafting_table":6,"minecraft:wheat":26,"minecraft:azure_bluet":1,"minecraft:smithing_table":1,"minecraft:gold_block":1,"minecraft:enchanted_book":1,"minecraft:cornflower":4,"minecraft:string":20,"minecraft:iron_leggings":1,"minecraft:item_frame":3,"minecraft:experience_bottle":1,"minecraft:spruce_planks":2,"minecraft:beef":71,"minecraft:player_head":2,"minecraft:sugar_cane":6,"minecraft:iron_pickaxe":1,"minecraft:coal_block":97,"minecraft:egg":2,"minecraft:furnace":38,"minecraft:stick":2,"minecraft:green_bed":3,"minecraft:spruce_fence":10,"minecraft:porkchop":1,"minecraft:honeycomb_block":1,"tombstone:grave_dust":2,"treasure2:wood_chest":1,"minecraft:stone_pressure_plate":14,"tconstruct:sky_slime_ball":166,"minecraft:arrow":3,"treasure2:wither_chest":1,"minecraft:rotten_flesh":2,"minecraft:hay_block":239,"minecraft:red_tulip":1,"minecraft:iron_block":4,"minecraft:green_wool":4,"minecraft:mutton":30,"minecraft:iron_bars":1,"minecraft:white_wool":29,"minecraft:cobblestone":15,"minecraft:birch_log":24,"minecraft:water_bucket":2,"minecraft:andesite":5,"minecraft:brown_wool":2,"minecraft:leather":44,"minecraft:smoker":1,"minecraft:birch_planks":2,"minecraft:oak_log":43,"minecraft:gunpowder":3,"minecraft:blue_bed":1,"minecraft:dirt":3,"minecraft:lantern":10,"minecraft:bone":2,"minecraft:glass":2,"minecraft:chipped_anvil":1,"minecraft:stone_bricks":22,"minecraft:wheat_seeds":115,"minecraft:iron_ingot":1,"minecraft:iron_ore":22,"minecraft:honeycomb":2,"minecraft:iron_sword":1,"minecraft:oak_planks":9,"minecraft:book":288,"minecraft:oak_slab":1,"minecraft:gravel":6,"minecraft:sand":27,"minecraft:spruce_sapling":17,"minecraft:blast_furnace":1,"minecraft:white_bed":7,"minecraft:spruce_log":56,"minecraft:spider_eye":1,"treasure2:ironbound_chest":1,"minecraft:slime_ball":148,"minecraft:polished_diorite":3,"waystones:waystone":1,"minecraft:chainmail_leggings":1,"minecraft:granite":3,"treasure2:cardboard_box":1,"minecraft:painting":1,"immersive_armors:divine_helmet":1,"tombstone:magic_scroll":1,"minecraft:oak_sapling":3,"minecraft:damaged_anvil":1,"minecraft:coal":145,"minecraft:diamond_pickaxe":1},"minecraft:mined":{"minecraft:white_bed":7,"tconstruct:sky_slime_vine":1,"treasure2:wood_chest":1,"minecraft:granite":4,"minecraft:grass_block":4,"minecraft:spruce_fence":10,"minecraft:brown_wool":3,"minecraft:coal_block":97,"minecraft:polished_diorite":1,"minecraft:spruce_leaves":9,"minecraft:oxeye_daisy":1,"treasure2:wither_chest":1,"minecraft:spawner":5,"minecraft:large_fern":3,"minecraft:hay_block":240,"minecraft:furnace":20,"minecraft:iron_ore":22,"minecraft:andesite":3,"minecraft:gold_block":1,"minecraft:bookshelf":93,"minecraft:red_tulip":1,"minecraft:iron_bars":1,"tconstruct:earth_congealed_slime":37,"minecraft:stone":19,"minecraft:iron_block":4,"minecraft:player_head":2,"minecraft:white_wool":12,"minecraft:green_wool":4,"minecraft:green_bed":3,"minecraft:smithing_table":1,"minecraft:podzol":2,"minecraft:oak_slab":2,"minecraft:smoker":1,"minecraft:stone_brick_slab":1,"minecraft:crafting_table":6,"minecraft:cornflower":4,"minecraft:blast_furnace":1,"minecraft:campfire":1,"minecraft:mushroom_stem":1,"minecraft:tall_grass":9,"minecraft:honeycomb_block":1,"minecraft:sugar_cane":3,"minecraft:oak_planks":1,"minecraft:damaged_anvil":1,"minecraft:blue_bed":1,"treasure2:cardboard_box":1,"treasure2:ironbound_chest":1,"minecraft:birch_log":26,"minecraft:wheat":26,"minecraft:ice":2,"minecraft:spruce_log":56,"minecraft:grass":20,"minecraft:oak_log":39,"minecraft:gravel":19,"minecraft:sand":27,"minecraft:dirt":4,"minecraft:cobweb":14,"minecraft:stone_bricks":19,"minecraft:chipped_anvil":1,"minecraft:netherrack":7,"minecraft:oak_leaves":14,"minecraft:fern":4,"tconstruct:sky_congealed_slime":42},"minecraft:custom":{"minecraft:interact_with_smithing_table":1,"lootr:looted_stat":109,"minecraft:mob_kills":82,"minecraft:interact_with_crafting_table":29,"minecraft:open_barrel":2,"minecraft:bell_ring":1,"minecraft:eat_cake_slice":3,"minecraft:leave_game":3,"minecraft:time_since_death":16401,"minecraft:climb_one_cm":7251,"minecraft:sprint_one_cm":421020,"minecraft:walk_one_cm":505966,"minecraft:damage_blocked_by_shield":440,"minecraft:drop":90,"minecraft:talked_to_villager":21,"minecraft:deaths":2,"minecraft:sneak_time":28298,"minecraft:walk_under_water_one_cm":32546,"minecraft:jump":3557,"minecraft:walk_on_water_one_cm":23723,"minecraft:interact_with_furnace":21,"minecraft:play_one_minute":187733,"minecraft:interact_with_loom":1,"minecraft:sleep_in_bed":11,"minecraft:time_since_rest":9264,"minecraft:waystone_activated":3,"minecraft:damage_taken":1845,"minecraft:damage_dealt":9985,"minecraft:swim_one_cm":16061,"minecraft:fly_one_cm":550514,"minecraft:open_chest":9,"minecraft:crouch_one_cm":107103,"tombstone:undead_killed":10,"minecraft:interact_with_smoker":2,"minecraft:inspect_dispenser":1,"minecraft:fall_one_cm":109226},"minecraft:dropped":{"minecraft:enchanted_book":1,"minecraft:water_bucket":2,"minecraft:oak_slab":1,"minecraft:birch_planks":2,"minecraft:porkchop":1,"minecraft:wheat_seeds":114,"minecraft:oak_log":8,"minecraft:tnt":1,"minecraft:iron_helmet":1,"minecraft:cobblestone":2,"minecraft:book":1,"minecraft:lantern":4,"minecraft:honeycomb":4,"minecraft:granite":1,"minecraft:stick":4,"minecraft:dirt":3,"tconstruct:materials_and_you":1,"minecraft:cornflower":4,"tombstone:grave_dust":2,"minecraft:iron_leggings":1,"minecraft:sand":9,"minecraft:iron_pickaxe":2,"minecraft:chainmail_leggings":1,"minecraft:white_wool":1,"minecraft:string":1,"minecraft:gravel":6,"minecraft:polished_diorite":3,"minecraft:sugar_cane":6,"minecraft:player_head":2,"minecraft:green_bed":1,"minecraft:wheat":2,"minecraft:rotten_flesh":2,"minecraft:oak_planks":11,"minecraft:smoker":1,"minecraft:azure_bluet":1,"minecraft:blast_furnace":1,"minecraft:gunpowder":3,"minecraft:spruce_planks":4,"minecraft:diamond_pickaxe":1,"minecraft:iron_chestplate":1,"minecraft:charcoal":2,"minecraft:andesite":5,"minecraft:oak_sapling":2,"minecraft:spider_eye":1,"minecraft:stone_bricks":15,"minecraft:arrow":3,"minecraft:painting":1,"minecraft:beef":7,"minecraft:iron_bars":1,"minecraft:stone_pickaxe":1,"minecraft:glass":2,"minecraft:wooden_pickaxe":1,"minecraft:red_tulip":1}},"DataVersion":2586}