{"stats":{"minecraft:dropped":{"minecraft:water_bucket":2,"minecraft:birch_planks":2,"minecraft:porkchop":1,"minecraft:wheat_seeds":105,"minecraft:oak_log":8,"minecraft:iron_helmet":1,"minecraft:cobblestone":2,"minecraft:book":1,"minecraft:lantern":4,"minecraft:granite":1,"minecraft:dirt":3,"tconstruct:materials_and_you":1,"minecraft:cornflower":4,"tombstone:grave_dust":2,"minecraft:iron_leggings":1,"minecraft:sand":9,"minecraft:chainmail_leggings":1,"minecraft:string":1,"minecraft:gravel":6,"minecraft:polished_diorite":3,"minecraft:wheat":2,"minecraft:rotten_flesh":1,"minecraft:oak_planks":7,"minecraft:smoker":1,"minecraft:blast_furnace":1,"minecraft:gunpowder":3,"minecraft:spruce_planks":4,"minecraft:iron_chestplate":1,"minecraft:charcoal":2,"minecraft:andesite":5,"minecraft:oak_sapling":1,"minecraft:stone_bricks":15,"minecraft:spider_eye":1,"minecraft:iron_bars":1,"minecraft:glass":2,"minecraft:stone_pickaxe":1,"minecraft:wooden_pickaxe":1},"minecraft:crafted":{"minecraft:oak_planks":64,"minecraft:glass":18,"travelersbackpack:white_sleeping_bag":1,"minecraft:iron_axe":1,"minecraft:stone_pickaxe":1,"minecraft:chest":2,"tconstruct:earth_congealed_slime":37,"minecraft:crafting_table":7,"minecraft:spruce_planks":20,"travelersbackpack:backpack_tank":2,"travelersbackpack:standard":1,"minecraft:wooden_pickaxe":1,"minecraft:smithing_table":1,"minecraft:bucket":1,"minecraft:birch_planks":96,"tconstruct:sky_congealed_slime":32,"minecraft:bread":8,"minecraft:air":0,"minecraft:white_wool":4,"minecraft:shield":1,"minecraft:stick":8,"minecraft:iron_ingot":36,"minecraft:iron_pickaxe":1,"minecraft:gold_ingot":9,"minecraft:white_bed":1},"minecraft:killed":{"minecraft:spider":2,"tconstruct:sky_slime":1,"minecraft:horse":2,"minecraft:piglin_brute":2,"minecraft:piglin":4,"minecraft:zombie_villager":1,"minecraft:creeper":3,"minecraft:sheep":15,"minecraft:zombie":3,"minecraft:cow":31},"minecraft:picked_up":{"minecraft:charcoal":2,"minecraft:crafting_table":6,"minecraft:wheat":26,"minecraft:smithing_table":1,"minecraft:gold_block":1,"minecraft:cornflower":4,"minecraft:string":18,"minecraft:iron_leggings":1,"minecraft:item_frame":3,"minecraft:experience_bottle":1,"minecraft:spruce_planks":2,"minecraft:beef":60,"minecraft:coal_block":97,"minecraft:furnace":38,"minecraft:porkchop":1,"minecraft:honeycomb_block":1,"tombstone:grave_dust":2,"treasure2:wood_chest":1,"minecraft:stone_pressure_plate":14,"tconstruct:sky_slime_ball":166,"treasure2:wither_chest":1,"minecraft:rotten_flesh":1,"minecraft:hay_block":54,"minecraft:red_tulip":1,"minecraft:iron_block":4,"minecraft:mutton":25,"minecraft:iron_bars":1,"minecraft:white_wool":14,"minecraft:cobblestone":15,"minecraft:birch_log":24,"minecraft:water_bucket":2,"minecraft:andesite":5,"minecraft:leather":36,"minecraft:smoker":1,"minecraft:birch_planks":2,"minecraft:oak_log":27,"minecraft:gunpowder":3,"minecraft:dirt":3,"minecraft:lantern":10,"minecraft:glass":2,"minecraft:stone_bricks":22,"minecraft:wheat_seeds":106,"minecraft:iron_ingot":1,"minecraft:iron_ore":22,"minecraft:oak_planks":7,"minecraft:iron_sword":1,"minecraft:book":288,"minecraft:gravel":6,"minecraft:sand":27,"minecraft:spruce_sapling":17,"minecraft:blast_furnace":1,"minecraft:white_bed":5,"minecraft:spruce_log":56,"minecraft:spider_eye":1,"minecraft:slime_ball":148,"minecraft:polished_diorite":3,"waystones:waystone":1,"minecraft:chainmail_leggings":1,"minecraft:granite":3,"treasure2:cardboard_box":1,"minecraft:oak_sapling":2,"tombstone:magic_scroll":1,"immersive_armors:divine_helmet":1,"minecraft:damaged_anvil":1,"minecraft:coal":145},"minecraft:killed_by":{"minecraft:zombie":1},"minecraft:broken":{"minecraft:iron_axe":1},"minecraft:used":{"minecraft:spruce_planks":12,"minecraft:shield":4,"minecraft:iron_sword":99,"minecraft:granite":2,"minecraft:lantern":6,"minecraft:iron_axe":216,"minecraft:stone_bricks":7,"minecraft:item_frame":3,"minecraft:furnace":1,"minecraft:oak_sapling":1,"tconstruct:sky_slime_bucket":1,"minecraft:stone_pressure_plate":14,"minecraft:wheat_seeds":1,"minecraft:water_bucket":40,"minecraft:birch_planks":73,"minecraft:stone_pickaxe":55,"minecraft:baked_potato":3,"minecraft:oak_planks":27,"minecraft:wooden_pickaxe":6,"minecraft:crafting_table":7,"minecraft:white_bed":5,"minecraft:oak_log":3,"waystones:waystone":1,"minecraft:bread":19,"minecraft:iron_pickaxe":150,"minecraft:diamond_sword":9,"minecraft:cobblestone":10,"minecraft:smithing_table":1,"minecraft:bucket":42,"minecraft:experience_bottle":1},"minecraft:mined":{"minecraft:white_bed":5,"tconstruct:sky_slime_vine":1,"treasure2:wood_chest":1,"minecraft:granite":4,"minecraft:grass_block":4,"minecraft:coal_block":97,"minecraft:polished_diorite":1,"minecraft:spruce_leaves":9,"treasure2:wither_chest":1,"minecraft:spawner":5,"minecraft:hay_block":54,"minecraft:furnace":20,"minecraft:iron_ore":22,"minecraft:andesite":3,"minecraft:gold_block":1,"minecraft:bookshelf":93,"minecraft:red_tulip":1,"minecraft:iron_bars":1,"minecraft:iron_block":4,"minecraft:stone":19,"tconstruct:earth_congealed_slime":37,"minecraft:player_head":1,"minecraft:smithing_table":1,"minecraft:podzol":2,"minecraft:smoker":1,"minecraft:stone_brick_slab":1,"minecraft:crafting_table":6,"minecraft:cornflower":4,"minecraft:blast_furnace":1,"minecraft:campfire":1,"minecraft:mushroom_stem":1,"minecraft:honeycomb_block":1,"minecraft:oak_planks":1,"minecraft:damaged_anvil":1,"treasure2:cardboard_box":1,"minecraft:birch_log":26,"minecraft:ice":2,"minecraft:wheat":26,"minecraft:spruce_log":56,"minecraft:grass":5,"minecraft:oak_log":23,"minecraft:gravel":19,"minecraft:dirt":4,"minecraft:sand":27,"minecraft:cobweb":14,"minecraft:stone_bricks":19,"minecraft:netherrack":7,"minecraft:oak_leaves":8,"tconstruct:sky_congealed_slime":42},"minecraft:custom":{"minecraft:interact_with_smithing_table":1,"lootr:looted_stat":43,"minecraft:mob_kills":64,"minecraft:interact_with_crafting_table":17,"minecraft:bell_ring":1,"minecraft:eat_cake_slice":3,"minecraft:leave_game":1,"minecraft:time_since_death":30000,"minecraft:climb_one_cm":6319,"minecraft:sprint_one_cm":188117,"minecraft:walk_one_cm":254270,"minecraft:damage_blocked_by_shield":150,"minecraft:drop":61,"minecraft:talked_to_villager":9,"minecraft:deaths":1,"minecraft:sneak_time":21373,"minecraft:walk_under_water_one_cm":31433,"minecraft:jump":1862,"minecraft:walk_on_water_one_cm":18234,"minecraft:interact_with_furnace":16,"minecraft:play_one_minute":107102,"minecraft:sleep_in_bed":5,"minecraft:time_since_rest":10782,"minecraft:waystone_activated":1,"minecraft:damage_taken":1024,"minecraft:damage_dealt":8065,"minecraft:swim_one_cm":6007,"minecraft:fly_one_cm":238890,"minecraft:crouch_one_cm":71611,"tombstone:undead_killed":4,"minecraft:interact_with_smoker":2,"minecraft:fall_one_cm":66685}},"DataVersion":2586}