{"stats":{"minecraft:dropped":{"minecraft:birch_planks":2,"minecraft:porkchop":1,"minecraft:wheat_seeds":105,"minecraft:oak_log":8,"minecraft:cobblestone":2,"minecraft:book":1,"minecraft:lantern":4,"minecraft:granite":1,"minecraft:dirt":3,"tconstruct:materials_and_you":1,"minecraft:cornflower":4,"tombstone:grave_dust":2,"minecraft:sand":9,"minecraft:string":1,"minecraft:gravel":6,"minecraft:polished_diorite":3,"minecraft:wheat":2,"minecraft:rotten_flesh":1,"minecraft:oak_planks":3,"minecraft:smoker":1,"minecraft:blast_furnace":1,"minecraft:gunpowder":3,"minecraft:charcoal":2,"minecraft:andesite":5,"minecraft:oak_sapling":1,"minecraft:stone_bricks":15,"minecraft:spider_eye":1,"minecraft:iron_bars":1,"minecraft:stone_pickaxe":1,"minecraft:wooden_pickaxe":1},"minecraft:crafted":{"minecraft:oak_planks":64,"minecraft:iron_axe":1,"minecraft:stone_pickaxe":1,"tconstruct:earth_congealed_slime":32,"minecraft:crafting_table":7,"minecraft:spruce_planks":12,"minecraft:wooden_pickaxe":1,"minecraft:bucket":1,"minecraft:birch_planks":96,"tconstruct:sky_congealed_slime":32,"minecraft:bread":8,"minecraft:white_wool":4,"minecraft:stick":8,"minecraft:iron_ingot":36,"minecraft:iron_pickaxe":1,"minecraft:white_bed":1},"minecraft:killed":{"minecraft:spider":2,"tconstruct:sky_slime":1,"minecraft:horse":2,"minecraft:zombie_villager":1,"minecraft:creeper":3,"minecraft:sheep":15,"minecraft:zombie":3,"minecraft:cow":28},"minecraft:picked_up":{"minecraft:charcoal":2,"minecraft:crafting_table":4,"minecraft:wheat":26,"minecraft:gold_block":1,"minecraft:cornflower":4,"minecraft:string":18,"minecraft:item_frame":3,"minecraft:experience_bottle":1,"minecraft:beef":53,"minecraft:coal_block":97,"minecraft:furnace":19,"minecraft:porkchop":1,"tombstone:grave_dust":2,"treasure2:wood_chest":1,"minecraft:stone_pressure_plate":14,"tconstruct:sky_slime_ball":166,"treasure2:wither_chest":1,"minecraft:rotten_flesh":1,"minecraft:hay_block":54,"minecraft:iron_block":4,"minecraft:mutton":25,"minecraft:iron_bars":1,"minecraft:white_wool":14,"minecraft:cobblestone":15,"minecraft:birch_log":24,"minecraft:andesite":5,"minecraft:leather":33,"minecraft:smoker":1,"minecraft:birch_planks":2,"minecraft:oak_log":27,"minecraft:gunpowder":3,"minecraft:dirt":3,"minecraft:lantern":10,"minecraft:stone_bricks":22,"minecraft:wheat_seeds":106,"minecraft:iron_ingot":1,"minecraft:iron_ore":22,"minecraft:oak_planks":3,"minecraft:iron_sword":1,"minecraft:book":180,"minecraft:gravel":6,"minecraft:sand":27,"minecraft:spruce_sapling":17,"minecraft:blast_furnace":1,"minecraft:white_bed":4,"minecraft:spruce_log":56,"minecraft:spider_eye":1,"minecraft:slime_ball":148,"minecraft:polished_diorite":3,"waystones:waystone":1,"minecraft:chainmail_leggings":1,"minecraft:granite":3,"treasure2:cardboard_box":1,"minecraft:oak_sapling":2,"tombstone:magic_scroll":1,"immersive_armors:divine_helmet":1,"minecraft:coal":84},"minecraft:killed_by":{"minecraft:zombie":1},"minecraft:used":{"minecraft:spruce_planks":12,"minecraft:iron_sword":99,"minecraft:granite":2,"minecraft:lantern":6,"minecraft:iron_axe":161,"minecraft:stone_bricks":7,"minecraft:item_frame":3,"minecraft:oak_sapling":1,"tconstruct:sky_slime_bucket":1,"minecraft:stone_pressure_plate":14,"minecraft:wheat_seeds":1,"minecraft:water_bucket":34,"minecraft:birch_planks":73,"minecraft:stone_pickaxe":55,"minecraft:oak_planks":27,"minecraft:wooden_pickaxe":6,"minecraft:crafting_table":5,"minecraft:white_bed":4,"minecraft:oak_log":3,"waystones:waystone":1,"minecraft:bread":17,"minecraft:iron_pickaxe":140,"minecraft:cobblestone":10,"minecraft:bucket":36,"minecraft:experience_bottle":1},"minecraft:mined":{"minecraft:white_bed":4,"tconstruct:sky_slime_vine":1,"treasure2:wood_chest":1,"minecraft:granite":4,"minecraft:grass_block":4,"minecraft:coal_block":97,"minecraft:polished_diorite":1,"minecraft:spruce_leaves":9,"treasure2:wither_chest":1,"minecraft:hay_block":54,"minecraft:furnace":19,"minecraft:iron_ore":22,"minecraft:andesite":3,"minecraft:gold_block":1,"minecraft:bookshelf":57,"minecraft:iron_bars":1,"minecraft:iron_block":4,"minecraft:stone":19,"tconstruct:earth_congealed_slime":37,"minecraft:podzol":2,"minecraft:smoker":1,"minecraft:stone_brick_slab":1,"minecraft:crafting_table":4,"minecraft:cornflower":4,"minecraft:blast_furnace":1,"minecraft:campfire":1,"minecraft:oak_planks":1,"treasure2:cardboard_box":1,"minecraft:birch_log":26,"minecraft:wheat":26,"minecraft:spruce_log":56,"minecraft:grass":3,"minecraft:oak_log":23,"minecraft:gravel":19,"minecraft:dirt":4,"minecraft:sand":27,"minecraft:cobweb":14,"minecraft:stone_bricks":19,"minecraft:netherrack":7,"minecraft:oak_leaves":7,"tconstruct:sky_congealed_slime":42},"minecraft:custom":{"lootr:looted_stat":10,"minecraft:mob_kills":55,"minecraft:interact_with_crafting_table":9,"minecraft:eat_cake_slice":3,"minecraft:leave_game":1,"minecraft:time_since_death":6000,"minecraft:climb_one_cm":3869,"minecraft:sprint_one_cm":151370,"minecraft:walk_one_cm":168683,"minecraft:drop":50,"minecraft:talked_to_villager":2,"minecraft:deaths":1,"minecraft:sneak_time":18387,"minecraft:walk_under_water_one_cm":25032,"minecraft:jump":1432,"minecraft:walk_on_water_one_cm":17313,"minecraft:interact_with_furnace":3,"minecraft:play_one_minute":83102,"minecraft:sleep_in_bed":4,"minecraft:time_since_rest":0,"minecraft:waystone_activated":1,"minecraft:damage_taken":861,"minecraft:damage_dealt":6266,"minecraft:swim_one_cm":5862,"minecraft:fly_one_cm":179324,"minecraft:crouch_one_cm":59451,"tombstone:undead_killed":4,"minecraft:fall_one_cm":45566}},"DataVersion":2586}