{"stats":{"minecraft:used":{"minecraft:bow":1},"minecraft:picked_up":{"minecraft:hay_block":1,"minecraft:arrow":1,"minecraft:emerald":1,"minecraft:white_bed":1,"minecraft:bow":1},"minecraft:mined":{"minecraft:hay_block":1,"minecraft:white_bed":1},"minecraft:custom":{"minecraft:jump":136,"minecraft:time_since_rest":3848,"minecraft:play_one_minute":8843,"lootr:looted_stat":1,"minecraft:sprint_one_cm":14612,"minecraft:damage_taken":190,"minecraft:time_since_death":8843,"minecraft:walk_one_cm":36590,"minecraft:sleep_in_bed":1,"minecraft:talked_to_villager":1,"minecraft:drop":1,"minecraft:fall_one_cm":3526,"minecraft:fly_one_cm":21525},"minecraft:dropped":{"tconstruct:materials_and_you":1}},"DataVersion":2586}