{"stats":{"minecraft:used":{"minecraft:lantern":2,"minecraft:bread":9,"minecraft:wooden_pickaxe":30,"minecraft:dirt":2,"minecraft:bow":1,"minecraft:crafting_table":1,"minecraft:white_bed":3,"minecraft:beehive":1},"minecraft:crafted":{"minecraft:crafting_table":1,"minecraft:stick":4,"minecraft:wooden_pickaxe":1,"minecraft:bread":21,"minecraft:jungle_planks":20,"minecraft:wheat":109},"minecraft:picked_up":{"minecraft:cocoa_beans":11,"minecraft:beehive":2,"minecraft:crafting_table":1,"minecraft:repeater":1,"minecraft:tripwire_hook":3,"minecraft:jungle_log":5,"minecraft:chiseled_stone_bricks":5,"minecraft:white_bed":4,"minecraft:warped_button":1,"minecraft:redstone":15,"minecraft:string":4,"minecraft:dirt":2,"minecraft:mossy_cobblestone":5,"minecraft:lantern":3,"minecraft:sticky_piston":3,"minecraft:dispenser":2,"minecraft:arrow":9,"minecraft:bow":1,"minecraft:lever":3,"minecraft:hay_block":13,"minecraft:bread":1,"minecraft:emerald":1,"minecraft:skeleton_skull":1},"minecraft:mined":{"minecraft:skeleton_skull":1,"minecraft:hay_block":13,"minecraft:repeater":1,"minecraft:white_bed":4,"minecraft:mossy_cobblestone":5,"minecraft:beehive":2,"minecraft:sticky_piston":3,"minecraft:crafting_table":1,"minecraft:grass":1,"minecraft:grass_block":1,"minecraft:vine":4,"minecraft:jungle_log":5,"minecraft:lantern":2,"minecraft:redstone_wire":15,"minecraft:dirt":1,"minecraft:tripwire_hook":3,"minecraft:dispenser":2,"minecraft:tripwire":4,"minecraft:chiseled_stone_bricks":3},"minecraft:custom":{"minecraft:time_since_rest":184,"lootr:looted_stat":5,"minecraft:sprint_one_cm":37709,"minecraft:damage_taken":496,"minecraft:walk_one_cm":149377,"minecraft:drop":3,"minecraft:interact_with_crafting_table":2,"minecraft:talked_to_villager":2,"minecraft:fly_one_cm":43570,"minecraft:crouch_one_cm":195,"minecraft:play_one_minute":33863,"minecraft:sneak_time":43,"minecraft:walk_under_water_one_cm":639,"minecraft:jump":475,"minecraft:leave_game":1,"minecraft:time_since_death":33863,"minecraft:walk_on_water_one_cm":7486,"minecraft:sleep_in_bed":3,"minecraft:climb_one_cm":3159,"minecraft:inspect_dispenser":2,"minecraft:fall_one_cm":12082},"minecraft:dropped":{"minecraft:bread":1,"tconstruct:materials_and_you":1,"minecraft:warped_button":1}},"DataVersion":2586}