{"stats":{"minecraft:used":{"minecraft:dirt":2,"minecraft:bow":1,"minecraft:bread":6,"minecraft:white_bed":2,"minecraft:beehive":1},"minecraft:crafted":{"minecraft:bread":21,"minecraft:wheat":109},"minecraft:picked_up":{"minecraft:beehive":2,"minecraft:arrow":1,"minecraft:bow":1,"minecraft:hay_block":13,"minecraft:emerald":1,"minecraft:warped_button":1,"minecraft:white_bed":3,"minecraft:skeleton_skull":1,"minecraft:dirt":2,"minecraft:lantern":1},"minecraft:custom":{"minecraft:time_since_rest":1905,"minecraft:play_one_minute":20843,"lootr:looted_stat":3,"minecraft:sprint_one_cm":36566,"minecraft:damage_taken":418,"minecraft:walk_one_cm":103953,"minecraft:walk_under_water_one_cm":639,"minecraft:drop":2,"minecraft:jump":328,"minecraft:walk_on_water_one_cm":3632,"minecraft:time_since_death":20843,"minecraft:sleep_in_bed":2,"minecraft:climb_one_cm":961,"minecraft:talked_to_villager":2,"minecraft:interact_with_crafting_table":1,"minecraft:fall_one_cm":10911,"minecraft:fly_one_cm":42493},"minecraft:mined":{"minecraft:skeleton_skull":1,"minecraft:hay_block":13,"minecraft:grass_block":1,"minecraft:white_bed":3,"minecraft:dirt":1,"minecraft:beehive":2},"minecraft:dropped":{"minecraft:warped_button":1,"tconstruct:materials_and_you":1}},"DataVersion":2586}