{"stats":{"minecraft:used":{"minecraft:wooden_axe":14,"minecraft:crafting_table":2,"minecraft:stone_pickaxe":12,"minecraft:wooden_pickaxe":8},"minecraft:picked_up":{"minecraft:birch_log":3,"minecraft:crafting_table":2,"minecraft:bow":1,"minecraft:porkchop":6,"minecraft:oak_log":5,"minecraft:mutton":3,"minecraft:white_wool":2,"minecraft:cobblestone":20},"minecraft:crafted":{"minecraft:oak_planks":4,"minecraft:birch_planks":12,"minecraft:crafting_table":1,"minecraft:stick":8,"minecraft:stone_pickaxe":1,"minecraft:wooden_pickaxe":1,"minecraft:wooden_axe":1},"minecraft:killed":{"minecraft:sheep":2,"minecraft:pig":2},"minecraft:mined":{"minecraft:oak_log":6,"minecraft:birch_log":3,"minecraft:tall_grass":1,"minecraft:stone":20,"minecraft:oak_leaves":1,"minecraft:crafting_table":2},"minecraft:custom":{"minecraft:time_since_rest":5560,"minecraft:play_one_minute":5560,"minecraft:crouch_one_cm":2072,"minecraft:sprint_one_cm":17387,"minecraft:damage_taken":30,"minecraft:walk_one_cm":11488,"minecraft:sneak_time":857,"minecraft:mob_kills":4,"minecraft:jump":130,"minecraft:damage_dealt":360,"minecraft:leave_game":1,"minecraft:time_since_death":5560,"minecraft:talked_to_villager":1,"minecraft:interact_with_crafting_table":2,"minecraft:fall_one_cm":4393,"minecraft:fly_one_cm":28944}},"DataVersion":2586}